,gender,race/ethnicity,parental level of education,lunch,test preparation course,math score,reading score,writing score,average score,performance_category
0,female,group B,bachelor's degree,standard,none,72,72,74,72.66666666666667,Medium
1,female,group C,some college,standard,completed,69,90,88,82.33333333333333,High
2,female,group B,master's degree,standard,none,90,95,93,92.66666666666667,High
3,male,group A,associate's degree,free/reduced,none,47,57,44,49.333333333333336,Low
4,male,group C,some college,standard,none,76,78,75,76.33333333333333,Medium
5,female,group B,associate's degree,standard,none,71,83,78,77.33333333333333,Medium
6,female,group B,some college,standard,completed,88,95,92,91.66666666666667,High
7,male,group B,some college,free/reduced,none,40,43,39,40.666666666666664,Low
8,male,group D,high school,free/reduced,completed,64,64,67,65.0,Medium
9,female,group B,high school,free/reduced,none,38,60,50,49.333333333333336,Low
10,male,group C,associate's degree,standard,none,58,54,52,54.666666666666664,Low
11,male,group D,associate's degree,standard,none,40,52,43,45.0,Low
12,female,group B,high school,standard,none,65,81,73,73.0,Medium
13,male,group A,some college,standard,completed,78,72,70,73.33333333333333,Medium
14,female,group A,master's degree,standard,none,50,53,58,53.666666666666664,Low
15,female,group C,some high school,standard,none,69,75,78,74.0,Medium
16,male,group C,high school,standard,none,88,89,86,87.66666666666667,High
17,female,group B,some high school,free/reduced,none,18,32,28,26.0,Low
18,male,group C,master's degree,free/reduced,completed,46,42,46,44.666666666666664,Low
19,female,group C,associate's degree,free/reduced,none,54,58,61,57.666666666666664,Low
20,male,group D,high school,standard,none,66,69,63,66.0,Medium
21,female,group B,some college,free/reduced,completed,65,75,70,70.0,Medium
22,male,group D,some college,standard,none,44,54,53,50.333333333333336,Low
23,female,group C,some high school,standard,none,69,73,73,71.66666666666667,Medium
24,male,group D,bachelor's degree,free/reduced,completed,74,71,80,75.0,Medium
25,male,group A,master's degree,free/reduced,none,73,74,72,73.0,Medium
26,male,group B,some college,standard,none,69,54,55,59.333333333333336,Low
27,female,group C,bachelor's degree,standard,none,67,69,75,70.33333333333333,Medium
28,male,group C,high school,standard,none,70,70,65,68.33333333333333,Medium
29,female,group D,master's degree,standard,none,62,70,75,69.0,Medium
30,female,group D,some college,standard,none,69,74,74,72.33333333333333,Medium
31,female,group B,some college,standard,none,63,65,61,63.0,Medium
32,female,group E,master's degree,free/reduced,none,56,72,65,64.33333333333333,Medium
33,male,group D,some college,standard,none,40,42,38,40.0,Low
34,male,group E,some college,standard,none,97,87,82,88.66666666666667,High
35,male,group E,associate's degree,standard,completed,81,81,79,80.33333333333333,High
36,female,group D,associate's degree,standard,none,74,81,83,79.33333333333333,Medium
37,female,group D,some high school,free/reduced,none,50,64,59,57.666666666666664,Low
38,female,group D,associate's degree,free/reduced,completed,75,90,88,84.33333333333333,High
39,male,group B,associate's degree,free/reduced,none,57,56,57,56.666666666666664,Low
40,male,group C,associate's degree,free/reduced,none,55,61,54,56.666666666666664,Low
41,female,group C,associate's degree,standard,none,58,73,68,66.33333333333333,Medium
42,female,group B,associate's degree,standard,none,53,58,65,58.666666666666664,Low
43,male,group B,some college,free/reduced,completed,59,65,66,63.333333333333336,Medium
44,female,group E,associate's degree,free/reduced,none,50,56,54,53.333333333333336,Low
45,male,group B,associate's degree,standard,none,65,54,57,58.666666666666664,Low
46,female,group A,associate's degree,standard,completed,55,65,62,60.666666666666664,Medium
47,female,group C,high school,standard,none,66,71,76,71.0,Medium
48,female,group D,associate's degree,free/reduced,completed,57,74,76,69.0,Medium
49,male,group C,high school,standard,completed,82,84,82,82.66666666666667,High
50,male,group E,some college,standard,none,53,55,48,52.0,Low
51,male,group E,associate's degree,free/reduced,completed,77,69,68,71.33333333333333,Medium
52,male,group C,some college,standard,none,53,44,42,46.333333333333336,Low
53,male,group D,high school,standard,none,88,78,75,80.33333333333333,High
54,female,group C,some high school,free/reduced,completed,71,84,87,80.66666666666667,High
55,female,group C,high school,free/reduced,none,33,41,43,39.0,Low
56,female,group E,associate's degree,standard,completed,82,85,86,84.33333333333333,High
57,male,group D,associate's degree,standard,none,52,55,49,52.0,Low
58,male,group D,some college,standard,completed,58,59,58,58.333333333333336,Low
59,female,group C,some high school,free/reduced,none,0,17,10,9.0,Low
60,male,group E,bachelor's degree,free/reduced,completed,79,74,72,75.0,Medium
61,male,group A,some high school,free/reduced,none,39,39,34,37.333333333333336,Low
62,male,group A,associate's degree,free/reduced,none,62,61,55,59.333333333333336,Low
63,female,group C,associate's degree,standard,none,69,80,71,73.33333333333333,Medium
64,female,group D,some high school,standard,none,59,58,59,58.666666666666664,Low
65,male,group B,some high school,standard,none,67,64,61,64.0,Medium
66,male,group D,some high school,free/reduced,none,45,37,37,39.666666666666664,Low
67,female,group C,some college,standard,none,60,72,74,68.66666666666667,Medium
68,male,group B,associate's degree,free/reduced,none,61,58,56,58.333333333333336,Low
69,female,group C,associate's degree,standard,none,39,64,57,53.333333333333336,Low
70,female,group D,some college,free/reduced,completed,58,63,73,64.66666666666667,Medium
71,male,group D,some college,standard,completed,63,55,63,60.333333333333336,Medium
72,female,group A,associate's degree,free/reduced,none,41,51,48,46.666666666666664,Low
73,male,group C,some high school,free/reduced,none,61,57,56,58.0,Low
74,male,group C,some high school,standard,none,49,49,41,46.333333333333336,Low
75,male,group B,associate's degree,free/reduced,none,44,41,38,41.0,Low
76,male,group E,some high school,standard,none,30,26,22,26.0,Low
77,male,group A,bachelor's degree,standard,completed,80,78,81,79.66666666666667,Medium
78,female,group D,some high school,standard,completed,61,74,72,69.0,Medium
79,female,group E,master's degree,standard,none,62,68,68,66.0,Medium
80,female,group B,associate's degree,standard,none,47,49,50,48.666666666666664,Low
81,male,group B,high school,free/reduced,none,49,45,45,46.333333333333336,Low
82,male,group A,some college,free/reduced,completed,50,47,54,50.333333333333336,Low
83,male,group E,associate's degree,standard,none,72,64,63,66.33333333333333,Medium
84,male,group D,high school,free/reduced,none,42,39,34,38.333333333333336,Low
85,female,group C,some college,standard,none,73,80,82,78.33333333333333,Medium
86,female,group C,some college,free/reduced,none,76,83,88,82.33333333333333,High
87,female,group D,associate's degree,standard,none,71,71,74,72.0,Medium
88,female,group A,some college,standard,none,58,70,67,65.0,Medium
89,female,group D,some high school,standard,none,73,86,82,80.33333333333333,High
90,female,group C,bachelor's degree,standard,none,65,72,74,70.33333333333333,Medium
91,male,group C,high school,free/reduced,none,27,34,36,32.333333333333336,Low
92,male,group C,high school,standard,none,71,79,71,73.66666666666667,Medium
93,male,group C,associate's degree,free/reduced,completed,43,45,50,46.0,Low
94,female,group B,some college,standard,none,79,86,92,85.66666666666667,High
95,male,group C,associate's degree,free/reduced,completed,78,81,82,80.33333333333333,High
96,male,group B,some high school,standard,completed,65,66,62,64.33333333333333,Medium
97,female,group E,some college,standard,completed,63,72,70,68.33333333333333,Medium
98,female,group D,some college,free/reduced,none,58,67,62,62.333333333333336,Medium
99,female,group D,bachelor's degree,standard,none,65,67,62,64.66666666666667,Medium
100,male,group B,some college,standard,none,79,67,67,71.0,Medium
101,male,group D,bachelor's degree,standard,completed,68,74,74,72.0,Medium
102,female,group D,associate's degree,standard,none,85,91,89,88.33333333333333,High
103,male,group B,high school,standard,completed,60,44,47,50.333333333333336,Low
104,male,group C,some college,standard,completed,98,86,90,91.33333333333333,High
105,female,group C,some college,standard,none,58,67,72,65.66666666666667,Medium
106,female,group D,master's degree,standard,none,87,100,100,95.66666666666667,High
107,male,group E,associate's degree,standard,completed,66,63,64,64.33333333333333,Medium
108,female,group B,associate's degree,free/reduced,none,52,76,70,66.0,Medium
109,female,group B,some high school,standard,none,70,64,72,68.66666666666667,Medium
110,female,group D,associate's degree,free/reduced,completed,77,89,98,88.0,High
111,male,group C,high school,standard,none,62,55,49,55.333333333333336,Low
112,male,group A,associate's degree,standard,none,54,53,47,51.333333333333336,Low
113,female,group D,some college,standard,none,51,58,54,54.333333333333336,Low
114,female,group E,bachelor's degree,standard,completed,99,100,100,99.66666666666667,High
115,male,group C,high school,standard,none,84,77,74,78.33333333333333,Medium
116,female,group B,bachelor's degree,free/reduced,none,75,85,82,80.66666666666667,High
117,female,group D,bachelor's degree,standard,none,78,82,79,79.66666666666667,Medium
118,female,group D,some high school,standard,none,51,63,61,58.333333333333336,Low
119,female,group C,some college,standard,none,55,69,65,63.0,Medium
120,female,group C,bachelor's degree,standard,completed,79,92,89,86.66666666666667,High
121,male,group B,associate's degree,standard,completed,91,89,92,90.66666666666667,High
122,female,group C,some college,standard,completed,88,93,93,91.33333333333333,High
123,male,group D,high school,free/reduced,none,63,57,56,58.666666666666664,Low
124,male,group E,some college,standard,none,83,80,73,78.66666666666667,Medium
125,female,group B,high school,standard,none,87,95,86,89.33333333333333,High
126,male,group B,some high school,standard,none,72,68,67,69.0,Medium
127,male,group D,some college,standard,completed,65,77,74,72.0,Medium
128,male,group D,master's degree,standard,none,82,82,74,79.33333333333333,Medium
129,female,group A,bachelor's degree,standard,none,51,49,51,50.333333333333336,Low
130,male,group D,master's degree,standard,none,89,84,82,85.0,High
131,male,group C,some high school,free/reduced,completed,53,37,40,43.333333333333336,Low
132,male,group E,some college,free/reduced,completed,87,74,70,77.0,Medium
133,female,group C,some college,standard,completed,75,81,84,80.0,High
134,male,group D,bachelor's degree,free/reduced,completed,74,79,75,76.0,Medium
135,male,group C,bachelor's degree,standard,none,58,55,48,53.666666666666664,Low
136,male,group B,some high school,standard,completed,51,54,41,48.666666666666664,Low
137,male,group E,high school,standard,none,70,55,56,60.333333333333336,Medium
138,female,group C,associate's degree,standard,none,59,66,67,64.0,Medium
139,male,group D,some college,standard,completed,71,61,69,67.0,Medium
140,female,group D,some high school,standard,none,76,72,71,73.0,Medium
141,female,group C,some college,free/reduced,none,59,62,64,61.666666666666664,Medium
142,female,group E,some college,free/reduced,completed,42,55,54,50.333333333333336,Low
143,male,group A,high school,standard,none,57,43,47,49.0,Low
144,male,group D,some college,standard,none,88,73,78,79.66666666666667,Medium
145,female,group C,some college,free/reduced,none,22,39,33,31.333333333333332,Low
146,male,group B,some high school,standard,none,88,84,75,82.33333333333333,High
147,male,group C,associate's degree,free/reduced,none,73,68,66,69.0,Medium
148,female,group D,bachelor's degree,standard,completed,68,75,81,74.66666666666667,Medium
149,male,group E,associate's degree,free/reduced,completed,100,100,93,97.66666666666667,High
150,male,group A,some high school,standard,completed,62,67,69,66.0,Medium
151,male,group A,bachelor's degree,standard,none,77,67,68,70.66666666666667,Medium
152,female,group B,associate's degree,standard,completed,59,70,66,65.0,Medium
153,male,group D,bachelor's degree,standard,none,54,49,47,50.0,Low
154,male,group D,some high school,standard,none,62,67,61,63.333333333333336,Medium
155,female,group C,some college,standard,completed,70,89,88,82.33333333333333,High
156,female,group E,high school,free/reduced,completed,66,74,78,72.66666666666667,Medium
157,male,group B,some college,free/reduced,none,60,60,60,60.0,Medium
158,female,group B,associate's degree,standard,completed,61,86,87,78.0,Medium
159,male,group D,associate's degree,free/reduced,none,66,62,64,64.0,Medium
160,male,group B,associate's degree,free/reduced,completed,82,78,74,78.0,Medium
161,female,group E,some college,free/reduced,completed,75,88,85,82.66666666666667,High
162,male,group B,master's degree,free/reduced,none,49,53,52,51.333333333333336,Low
163,male,group C,high school,standard,none,52,53,49,51.333333333333336,Low
164,female,group E,master's degree,standard,none,81,92,91,88.0,High
165,female,group C,bachelor's degree,standard,completed,96,100,100,98.66666666666667,High
166,male,group C,high school,free/reduced,completed,53,51,51,51.666666666666664,Low
167,female,group B,master's degree,free/reduced,completed,58,76,78,70.66666666666667,Medium
168,female,group B,high school,standard,completed,68,83,78,76.33333333333333,Medium
169,female,group C,some college,free/reduced,completed,67,75,70,70.66666666666667,Medium
170,male,group A,high school,standard,completed,72,73,74,73.0,Medium
171,male,group E,some high school,standard,none,94,88,78,86.66666666666667,High
172,female,group D,some college,standard,none,79,86,81,82.0,High
173,female,group C,associate's degree,standard,none,63,67,70,66.66666666666667,Medium
174,female,group C,bachelor's degree,free/reduced,completed,43,51,54,49.333333333333336,Low
175,female,group C,master's degree,standard,completed,81,91,87,86.33333333333333,High
176,female,group B,high school,free/reduced,completed,46,54,58,52.666666666666664,Low
177,female,group C,associate's degree,standard,completed,71,77,77,75.0,Medium
178,female,group B,master's degree,free/reduced,completed,52,70,62,61.333333333333336,Medium
179,female,group D,some high school,standard,completed,97,100,100,99.0,High
180,male,group C,master's degree,free/reduced,completed,62,68,75,68.33333333333333,Medium
181,female,group C,some college,free/reduced,none,46,64,66,58.666666666666664,Low
182,female,group E,high school,standard,none,50,50,47,49.0,Low
183,female,group D,associate's degree,standard,none,65,69,70,68.0,Medium
184,male,group C,some high school,free/reduced,completed,45,52,49,48.666666666666664,Low
185,male,group C,associate's degree,free/reduced,completed,65,67,65,65.66666666666667,Medium
186,male,group E,high school,standard,none,80,76,65,73.66666666666667,Medium
187,male,group D,some high school,standard,completed,62,66,68,65.33333333333333,Medium
188,male,group B,some high school,free/reduced,none,48,52,45,48.333333333333336,Low
189,female,group C,bachelor's degree,standard,none,77,88,87,84.0,High
190,female,group E,associate's degree,standard,none,66,65,69,66.66666666666667,Medium
191,male,group D,some college,standard,completed,76,83,79,79.33333333333333,Medium
192,female,group B,some high school,standard,none,62,64,66,64.0,Medium
193,male,group D,some college,standard,completed,77,62,62,67.0,Medium
194,female,group C,master's degree,standard,completed,69,84,85,79.33333333333333,Medium
195,male,group D,associate's degree,standard,none,61,55,52,56.0,Low
196,male,group C,some high school,free/reduced,completed,59,69,65,64.33333333333333,Medium
197,male,group E,high school,free/reduced,none,55,56,51,54.0,Low
198,female,group B,some college,free/reduced,none,45,53,55,51.0,Low
199,female,group B,bachelor's degree,free/reduced,none,78,79,76,77.66666666666667,Medium
200,female,group C,associate's degree,standard,completed,67,84,86,79.0,Medium
201,female,group D,some college,free/reduced,none,65,81,77,74.33333333333333,Medium
202,male,group C,associate's degree,standard,none,69,77,69,71.66666666666667,Medium
203,female,group B,associate's degree,standard,none,57,69,68,64.66666666666667,Medium
204,male,group C,some college,standard,none,59,41,42,47.333333333333336,Low
205,male,group D,some high school,standard,completed,74,71,78,74.33333333333333,Medium
206,male,group E,bachelor's degree,standard,none,82,62,62,68.66666666666667,Medium
207,male,group E,high school,standard,completed,81,80,76,79.0,Medium
208,female,group B,some college,free/reduced,none,74,81,76,77.0,Medium
209,female,group B,some college,free/reduced,none,58,61,66,61.666666666666664,Medium
210,male,group D,some high school,free/reduced,completed,80,79,79,79.33333333333333,Medium
211,male,group C,some college,free/reduced,none,35,28,27,30.0,Low
212,female,group C,high school,free/reduced,none,42,62,60,54.666666666666664,Low
213,male,group C,associate's degree,free/reduced,completed,60,51,56,55.666666666666664,Low
214,male,group E,high school,standard,completed,87,91,81,86.33333333333333,High
215,male,group B,some high school,standard,completed,84,83,75,80.66666666666667,High
216,female,group E,associate's degree,free/reduced,completed,83,86,88,85.66666666666667,High
217,female,group C,high school,free/reduced,none,34,42,39,38.333333333333336,Low
218,male,group B,high school,free/reduced,none,66,77,70,71.0,Medium
219,male,group B,some high school,standard,completed,61,56,56,57.666666666666664,Low
220,female,group D,high school,standard,completed,56,68,74,66.0,Medium
221,male,group B,associate's degree,standard,none,87,85,73,81.66666666666667,High
222,female,group C,some high school,free/reduced,none,55,65,62,60.666666666666664,Medium
223,male,group D,some high school,standard,none,86,80,75,80.33333333333333,High
224,female,group B,associate's degree,standard,completed,52,66,73,63.666666666666664,Medium
225,female,group E,master's degree,free/reduced,none,45,56,54,51.666666666666664,Low
226,female,group C,some college,standard,none,72,72,71,71.66666666666667,Medium
227,male,group D,high school,standard,none,57,50,54,53.666666666666664,Low
228,male,group A,some high school,free/reduced,none,68,72,64,68.0,Medium
229,female,group C,some college,standard,completed,88,95,94,92.33333333333333,High
230,male,group D,some college,standard,none,76,64,66,68.66666666666667,Medium
231,male,group C,associate's degree,standard,none,46,43,42,43.666666666666664,Low
232,female,group B,bachelor's degree,standard,none,67,86,83,78.66666666666667,Medium
233,male,group E,some high school,standard,none,92,87,78,85.66666666666667,High
234,male,group C,bachelor's degree,standard,completed,83,82,84,83.0,High
235,male,group D,associate's degree,standard,none,80,75,77,77.33333333333333,Medium
236,male,group D,bachelor's degree,free/reduced,none,63,66,67,65.33333333333333,Medium
237,female,group D,some high school,standard,completed,64,60,74,66.0,Medium
238,male,group B,some college,standard,none,54,52,51,52.333333333333336,Low
239,male,group C,associate's degree,standard,none,84,80,80,81.33333333333333,High
240,male,group D,high school,free/reduced,completed,73,68,66,69.0,Medium
241,female,group E,bachelor's degree,standard,none,80,83,83,82.0,High
242,female,group D,high school,standard,none,56,52,55,54.333333333333336,Low
243,male,group E,some college,standard,none,59,51,43,51.0,Low
244,male,group D,some high school,standard,none,75,74,69,72.66666666666667,Medium
245,male,group C,associate's degree,standard,none,85,76,71,77.33333333333333,Medium
246,male,group E,associate's degree,standard,none,89,76,74,79.66666666666667,Medium
247,female,group B,high school,standard,completed,58,70,68,65.33333333333333,Medium
248,female,group B,high school,standard,none,65,64,62,63.666666666666664,Medium
249,male,group C,high school,standard,none,68,60,53,60.333333333333336,Medium
250,male,group A,some high school,standard,completed,47,49,49,48.333333333333336,Low
251,female,group D,some college,free/reduced,none,71,83,83,79.0,Medium
252,female,group B,some high school,standard,completed,60,70,70,66.66666666666667,Medium
253,male,group D,master's degree,standard,none,80,80,72,77.33333333333333,Medium
254,male,group D,high school,standard,none,54,52,52,52.666666666666664,Low
255,female,group E,some college,standard,none,62,73,70,68.33333333333333,Medium
256,female,group C,associate's degree,free/reduced,none,64,73,68,68.33333333333333,Medium
257,male,group C,associate's degree,standard,completed,78,77,77,77.33333333333333,Medium
258,female,group B,some college,standard,none,70,75,78,74.33333333333333,Medium
259,female,group C,master's degree,free/reduced,completed,65,81,81,75.66666666666667,Medium
260,female,group C,some high school,free/reduced,completed,64,79,77,73.33333333333333,Medium
261,male,group C,some college,standard,completed,79,79,78,78.66666666666667,Medium
262,female,group C,some high school,free/reduced,none,44,50,51,48.333333333333336,Low
263,female,group E,high school,standard,none,99,93,90,94.0,High
264,male,group D,high school,standard,none,76,73,68,72.33333333333333,Medium
265,male,group D,some high school,free/reduced,none,59,42,41,47.333333333333336,Low
266,female,group C,bachelor's degree,standard,none,63,75,81,73.0,Medium
267,female,group D,high school,standard,none,69,72,77,72.66666666666667,Medium
268,female,group D,associate's degree,standard,completed,88,92,95,91.66666666666667,High
269,female,group E,some college,free/reduced,none,71,76,70,72.33333333333333,Medium
270,male,group C,bachelor's degree,standard,none,69,63,61,64.33333333333333,Medium
271,male,group C,some college,standard,none,58,49,42,49.666666666666664,Low
272,female,group D,associate's degree,free/reduced,none,47,53,58,52.666666666666664,Low
273,female,group D,some college,standard,none,65,70,71,68.66666666666667,Medium
274,male,group B,some college,standard,completed,88,85,76,83.0,High
275,male,group C,bachelor's degree,standard,none,83,78,73,78.0,Medium
276,female,group C,some high school,standard,completed,85,92,93,90.0,High
277,female,group E,high school,standard,completed,59,63,75,65.66666666666667,Medium
278,female,group C,some high school,free/reduced,none,65,86,80,77.0,Medium
279,male,group B,bachelor's degree,free/reduced,none,73,56,57,62.0,Medium
280,male,group D,high school,standard,none,53,52,42,49.0,Low
281,male,group D,high school,standard,none,45,48,46,46.333333333333336,Low
282,female,group D,bachelor's degree,free/reduced,none,73,79,84,78.66666666666667,Medium
283,female,group D,some college,free/reduced,completed,70,78,78,75.33333333333333,Medium
284,female,group B,some high school,standard,none,37,46,46,43.0,Low
285,male,group B,associate's degree,standard,completed,81,82,82,81.66666666666667,High
286,male,group E,associate's degree,standard,completed,97,82,88,89.0,High
287,female,group B,some high school,standard,none,67,89,82,79.33333333333333,Medium
288,male,group B,bachelor's degree,free/reduced,none,88,75,76,79.66666666666667,Medium
289,male,group E,some high school,standard,completed,77,76,77,76.66666666666667,Medium
290,male,group C,associate's degree,standard,none,76,70,68,71.33333333333333,Medium
291,male,group D,some high school,standard,none,86,73,70,76.33333333333333,Medium
292,male,group C,some high school,standard,completed,63,60,57,60.0,Medium
293,female,group E,bachelor's degree,standard,none,65,73,75,71.0,Medium
294,male,group D,high school,free/reduced,completed,78,77,80,78.33333333333333,Medium
295,male,group B,associate's degree,free/reduced,none,67,62,60,63.0,Medium
296,male,group A,some high school,standard,completed,46,41,43,43.333333333333336,Low
297,male,group E,associate's degree,standard,completed,71,74,68,71.0,Medium
298,male,group C,high school,free/reduced,completed,40,46,50,45.333333333333336,Low
299,male,group D,associate's degree,free/reduced,none,90,87,75,84.0,High
300,male,group A,some college,free/reduced,completed,81,78,81,80.0,High
301,male,group D,some high school,free/reduced,none,56,54,52,54.0,Low
302,female,group C,associate's degree,standard,completed,67,84,81,77.33333333333333,Medium
303,male,group B,associate's degree,standard,none,80,76,64,73.33333333333333,Medium
304,female,group C,associate's degree,standard,completed,74,75,83,77.33333333333333,Medium
305,male,group A,some college,standard,none,69,67,69,68.33333333333333,Medium
306,male,group E,some college,standard,completed,99,87,81,89.0,High
307,male,group C,some high school,standard,none,51,52,44,49.0,Low
308,female,group B,associate's degree,free/reduced,none,53,71,67,63.666666666666664,Medium
309,female,group D,high school,free/reduced,none,49,57,52,52.666666666666664,Low
310,female,group B,associate's degree,standard,none,73,76,80,76.33333333333333,Medium
311,male,group B,bachelor's degree,standard,none,66,60,57,61.0,Medium
312,male,group D,bachelor's degree,standard,completed,67,61,68,65.33333333333333,Medium
313,female,group C,associate's degree,free/reduced,completed,68,67,69,68.0,Medium
314,female,group C,bachelor's degree,standard,completed,59,64,75,66.0,Medium
315,male,group C,high school,standard,none,71,66,65,67.33333333333333,Medium
316,female,group D,master's degree,standard,completed,77,82,91,83.33333333333333,High
317,male,group C,associate's degree,standard,none,83,72,78,77.66666666666667,Medium
318,male,group B,bachelor's degree,standard,none,63,71,69,67.66666666666667,Medium
319,female,group D,associate's degree,free/reduced,none,56,65,63,61.333333333333336,Medium
320,female,group C,high school,free/reduced,completed,67,79,84,76.66666666666667,Medium
321,female,group E,high school,standard,none,75,86,79,80.0,High
322,female,group C,some college,standard,none,71,81,80,77.33333333333333,Medium
323,female,group C,some high school,free/reduced,none,43,53,53,49.666666666666664,Low
324,female,group C,high school,free/reduced,none,41,46,43,43.333333333333336,Low
325,female,group C,some college,standard,none,82,90,94,88.66666666666667,High
326,male,group C,some college,standard,none,61,61,62,61.333333333333336,Medium
327,male,group A,some college,free/reduced,none,28,23,19,23.333333333333332,Low
328,male,group C,associate's degree,standard,completed,82,75,77,78.0,Medium
329,female,group B,some high school,standard,none,41,55,51,49.0,Low
330,male,group C,high school,standard,none,71,60,61,64.0,Medium
331,male,group C,associate's degree,standard,none,47,37,35,39.666666666666664,Low
332,male,group E,associate's degree,standard,completed,62,56,53,57.0,Low
333,male,group B,associate's degree,standard,none,90,78,81,83.0,High
334,female,group C,bachelor's degree,standard,none,83,93,95,90.33333333333333,High
335,female,group B,some college,free/reduced,none,61,68,66,65.0,Medium
336,male,group D,some high school,standard,completed,76,70,69,71.66666666666667,Medium
337,male,group C,associate's degree,standard,none,49,51,43,47.666666666666664,Low
338,female,group B,some high school,free/reduced,none,24,38,27,29.666666666666668,Low
339,female,group D,some high school,free/reduced,completed,35,55,60,50.0,Low
340,male,group C,high school,free/reduced,none,58,61,52,57.0,Low
341,female,group C,high school,standard,none,61,73,63,65.66666666666667,Medium
342,female,group B,high school,standard,completed,69,76,74,73.0,Medium
343,male,group D,associate's degree,standard,completed,67,72,67,68.66666666666667,Medium
344,male,group D,some college,standard,none,79,73,67,73.0,Medium
345,female,group C,high school,standard,none,72,80,75,75.66666666666667,Medium
346,male,group B,some college,standard,none,62,61,57,60.0,Medium
347,female,group C,bachelor's degree,standard,completed,77,94,95,88.66666666666667,High
348,male,group D,high school,free/reduced,none,75,74,66,71.66666666666667,Medium
349,male,group E,associate's degree,standard,none,87,74,76,79.0,Medium
350,female,group B,bachelor's degree,standard,none,52,65,69,62.0,Medium
351,male,group E,some college,standard,none,66,57,52,58.333333333333336,Low
352,female,group C,some college,standard,completed,63,78,80,73.66666666666667,Medium
353,female,group C,associate's degree,standard,none,46,58,57,53.666666666666664,Low
354,female,group C,some college,standard,none,59,71,70,66.66666666666667,Medium
355,female,group B,bachelor's degree,standard,none,61,72,70,67.66666666666667,Medium
356,male,group A,associate's degree,standard,none,63,61,61,61.666666666666664,Medium
357,female,group C,some college,free/reduced,completed,42,66,69,59.0,Low
358,male,group D,some college,free/reduced,none,59,62,61,60.666666666666664,Medium
359,female,group D,some college,standard,none,80,90,89,86.33333333333333,High
360,female,group B,high school,standard,none,58,62,59,59.666666666666664,Low
361,male,group B,some high school,standard,completed,85,84,78,82.33333333333333,High
362,female,group C,some college,standard,none,52,58,58,56.0,Low
363,female,group D,some high school,free/reduced,none,27,34,32,31.0,Low
364,male,group C,some college,standard,none,59,60,58,59.0,Low
365,male,group A,bachelor's degree,free/reduced,completed,49,58,60,55.666666666666664,Low
366,male,group C,high school,standard,completed,69,58,53,60.0,Medium
367,male,group C,bachelor's degree,free/reduced,none,61,66,61,62.666666666666664,Medium
368,female,group A,some high school,free/reduced,none,44,64,58,55.333333333333336,Low
369,female,group D,some high school,standard,none,73,84,85,80.66666666666667,High
370,male,group E,some college,standard,none,84,77,71,77.33333333333333,Medium
371,female,group C,some college,free/reduced,completed,45,73,70,62.666666666666664,Medium
372,male,group D,some high school,standard,none,74,74,72,73.33333333333333,Medium
373,female,group D,some college,standard,completed,82,97,96,91.66666666666667,High
374,female,group D,bachelor's degree,standard,none,59,70,73,67.33333333333333,Medium
375,male,group E,associate's degree,free/reduced,none,46,43,41,43.333333333333336,Low
376,female,group D,some high school,standard,none,80,90,82,84.0,High
377,female,group D,master's degree,free/reduced,completed,85,95,100,93.33333333333333,High
378,female,group A,some high school,standard,none,71,83,77,77.0,Medium
379,male,group A,bachelor's degree,standard,none,66,64,62,64.0,Medium
380,female,group B,associate's degree,standard,none,80,86,83,83.0,High
381,male,group C,associate's degree,standard,completed,87,100,95,94.0,High
382,male,group C,master's degree,free/reduced,none,79,81,71,77.0,Medium
383,female,group E,some high school,free/reduced,none,38,49,45,44.0,Low
384,female,group A,some high school,free/reduced,none,38,43,43,41.333333333333336,Low
385,female,group E,some college,standard,none,67,76,75,72.66666666666667,Medium
386,female,group E,bachelor's degree,standard,none,64,73,70,69.0,Medium
387,female,group C,associate's degree,free/reduced,none,57,78,67,67.33333333333333,Medium
388,female,group D,high school,standard,none,62,64,64,63.333333333333336,Medium
389,male,group D,master's degree,standard,none,73,70,75,72.66666666666667,Medium
390,male,group E,some high school,free/reduced,completed,73,67,59,66.33333333333333,Medium
391,female,group D,some college,standard,none,77,68,77,74.0,Medium
392,male,group E,some college,standard,none,76,67,67,70.0,Medium
393,male,group C,associate's degree,standard,completed,57,54,56,55.666666666666664,Low
394,female,group C,some high school,standard,completed,65,74,77,72.0,Medium
395,male,group A,high school,free/reduced,none,48,45,41,44.666666666666664,Low
396,female,group B,high school,free/reduced,none,50,67,63,60.0,Medium
397,female,group C,associate's degree,standard,none,85,89,95,89.66666666666667,High
398,male,group B,some high school,standard,none,74,63,57,64.66666666666667,Medium
399,male,group D,some high school,standard,none,60,59,54,57.666666666666664,Low
400,female,group C,some high school,standard,completed,59,54,67,60.0,Medium
401,male,group A,some college,standard,none,53,43,43,46.333333333333336,Low
402,female,group A,some college,free/reduced,none,49,65,55,56.333333333333336,Low
403,female,group D,high school,standard,completed,88,99,100,95.66666666666667,High
404,female,group C,high school,standard,none,54,59,62,58.333333333333336,Low
405,female,group C,some high school,standard,none,63,73,68,68.0,Medium
406,male,group B,associate's degree,standard,completed,65,65,63,64.33333333333333,Medium
407,female,group B,associate's degree,standard,none,82,80,77,79.66666666666667,Medium
408,female,group D,high school,free/reduced,completed,52,57,56,55.0,Low
409,male,group D,associate's degree,standard,completed,87,84,85,85.33333333333333,High
410,female,group D,master's degree,standard,completed,70,71,74,71.66666666666667,Medium
411,male,group E,some college,standard,completed,84,83,78,81.66666666666667,High
412,male,group D,associate's degree,standard,none,71,66,60,65.66666666666667,Medium
413,male,group B,some high school,standard,completed,63,67,67,65.66666666666667,Medium
414,female,group C,bachelor's degree,free/reduced,completed,51,72,79,67.33333333333333,Medium
415,male,group E,high school,standard,none,84,73,69,75.33333333333333,Medium
416,male,group C,bachelor's degree,standard,completed,71,74,68,71.0,Medium
417,male,group C,associate's degree,standard,none,74,73,67,71.33333333333333,Medium
418,male,group D,some college,standard,none,68,59,62,63.0,Medium
419,male,group E,high school,free/reduced,completed,57,56,54,55.666666666666664,Low
420,female,group C,associate's degree,free/reduced,completed,82,93,93,89.33333333333333,High
421,female,group D,high school,standard,completed,57,58,64,59.666666666666664,Low
422,female,group D,master's degree,free/reduced,completed,47,58,67,57.333333333333336,Low
423,female,group A,some high school,standard,completed,59,85,80,74.66666666666667,Medium
424,male,group B,some college,free/reduced,none,41,39,34,38.0,Low
425,female,group C,some college,free/reduced,none,62,67,62,63.666666666666664,Medium
426,male,group C,bachelor's degree,standard,none,86,83,86,85.0,High
427,male,group C,some high school,free/reduced,none,69,71,65,68.33333333333333,Medium
428,male,group A,some high school,free/reduced,none,65,59,53,59.0,Low
429,male,group C,some high school,free/reduced,none,68,63,54,61.666666666666664,Medium
430,male,group C,associate's degree,free/reduced,none,64,66,59,63.0,Medium
431,female,group C,high school,standard,none,61,72,70,67.66666666666667,Medium
432,male,group C,high school,standard,none,61,56,55,57.333333333333336,Low
433,female,group A,some high school,free/reduced,none,47,59,50,52.0,Low
434,male,group C,some high school,standard,none,73,66,66,68.33333333333333,Medium
435,male,group C,some college,free/reduced,completed,50,48,53,50.333333333333336,Low
436,male,group D,associate's degree,standard,none,75,68,64,69.0,Medium
437,male,group D,associate's degree,free/reduced,none,75,66,73,71.33333333333333,Medium
438,male,group C,high school,standard,none,70,56,51,59.0,Low
439,male,group D,some high school,standard,completed,89,88,82,86.33333333333333,High
440,female,group C,some college,standard,completed,67,81,79,75.66666666666667,Medium
441,female,group D,high school,standard,none,78,81,80,79.66666666666667,Medium
442,female,group A,some high school,free/reduced,none,59,73,69,67.0,Medium
443,female,group B,associate's degree,standard,none,73,83,76,77.33333333333333,Medium
444,male,group A,some high school,free/reduced,none,79,82,73,78.0,Medium
445,female,group C,some high school,standard,completed,67,74,77,72.66666666666667,Medium
446,male,group D,some college,free/reduced,none,69,66,60,65.0,Medium
447,male,group C,high school,standard,completed,86,81,80,82.33333333333333,High
448,male,group B,high school,standard,none,47,46,42,45.0,Low
449,male,group B,associate's degree,standard,none,81,73,72,75.33333333333333,Medium
450,female,group C,some college,free/reduced,completed,64,85,85,78.0,Medium
451,female,group E,some college,standard,none,100,92,97,96.33333333333333,High
452,female,group C,associate's degree,free/reduced,none,65,77,74,72.0,Medium
453,male,group C,some college,free/reduced,none,65,58,49,57.333333333333336,Low
454,female,group C,associate's degree,free/reduced,none,53,61,62,58.666666666666664,Low
455,male,group C,bachelor's degree,free/reduced,none,37,56,47,46.666666666666664,Low
456,female,group D,bachelor's degree,standard,none,79,89,89,85.66666666666667,High
457,male,group D,associate's degree,free/reduced,none,53,54,48,51.666666666666664,Low
458,female,group E,bachelor's degree,standard,none,100,100,100,100.0,
459,male,group B,high school,standard,completed,72,65,68,68.33333333333333,Medium
460,male,group C,bachelor's degree,free/reduced,none,53,58,55,55.333333333333336,Low
461,male,group B,some college,free/reduced,none,54,54,45,51.0,Low
462,female,group E,some college,standard,none,71,70,76,72.33333333333333,Medium
463,female,group C,some college,free/reduced,none,77,90,91,86.0,High
464,male,group A,bachelor's degree,standard,completed,75,58,62,65.0,Medium
465,female,group C,some college,standard,none,84,87,91,87.33333333333333,High
466,female,group D,associate's degree,free/reduced,none,26,31,38,31.666666666666668,Low
467,male,group A,high school,free/reduced,completed,72,67,65,68.0,Medium
468,female,group A,high school,free/reduced,completed,77,88,85,83.33333333333333,High
469,male,group C,some college,standard,none,91,74,76,80.33333333333333,High
470,female,group C,associate's degree,standard,completed,83,85,90,86.0,High
471,female,group C,high school,standard,none,63,69,74,68.66666666666667,Medium
472,female,group C,associate's degree,standard,completed,68,86,84,79.33333333333333,Medium
473,female,group D,some high school,standard,none,59,67,61,62.333333333333336,Medium
474,female,group B,associate's degree,standard,completed,90,90,91,90.33333333333333,High
475,female,group D,bachelor's degree,standard,completed,71,76,83,76.66666666666667,Medium
476,male,group E,bachelor's degree,standard,completed,76,62,66,68.0,Medium
477,male,group D,associate's degree,standard,none,80,68,72,73.33333333333333,Medium
478,female,group D,master's degree,standard,none,55,64,70,63.0,Medium
479,male,group E,associate's degree,standard,none,76,71,67,71.33333333333333,Medium
480,male,group B,high school,standard,completed,73,71,68,70.66666666666667,Medium
481,female,group D,associate's degree,free/reduced,none,52,59,56,55.666666666666664,Low
482,male,group C,some college,free/reduced,none,68,68,61,65.66666666666667,Medium
483,male,group A,high school,standard,none,59,52,46,52.333333333333336,Low
484,female,group B,associate's degree,standard,none,49,52,54,51.666666666666664,Low
485,male,group C,high school,standard,none,70,74,71,71.66666666666667,Medium
486,male,group D,some college,free/reduced,none,61,47,56,54.666666666666664,Low
487,female,group C,associate's degree,free/reduced,none,60,75,74,69.66666666666667,Medium
488,male,group B,some high school,standard,completed,64,53,57,58.0,Low
489,male,group A,associate's degree,free/reduced,completed,79,82,82,81.0,High
490,female,group A,associate's degree,free/reduced,none,65,85,76,75.33333333333333,Medium
491,female,group C,associate's degree,standard,none,64,64,70,66.0,Medium
492,female,group C,some college,standard,none,83,83,90,85.33333333333333,High
493,female,group C,bachelor's degree,standard,none,81,88,90,86.33333333333333,High
494,female,group B,high school,standard,none,54,64,68,62.0,Medium
495,male,group D,high school,standard,completed,68,64,66,66.0,Medium
496,female,group C,some college,standard,none,54,48,52,51.333333333333336,Low
497,female,group D,some college,free/reduced,completed,59,78,76,71.0,Medium
498,female,group B,some high school,standard,none,66,69,68,67.66666666666667,Medium
499,male,group E,some college,standard,none,76,71,72,73.0,Medium
500,female,group D,master's degree,standard,none,74,79,82,78.33333333333333,Medium
501,female,group B,associate's degree,standard,completed,94,87,92,91.0,High
502,male,group C,some college,free/reduced,none,63,61,54,59.333333333333336,Low
503,female,group E,associate's degree,standard,completed,95,89,92,92.0,High
504,female,group D,master's degree,free/reduced,none,40,59,54,51.0,Low
505,female,group B,some high school,standard,none,82,82,80,81.33333333333333,High
506,male,group A,high school,standard,none,68,70,66,68.0,Medium
507,male,group B,bachelor's degree,free/reduced,none,55,59,54,56.0,Low
508,male,group C,master's degree,standard,none,79,78,77,78.0,Medium
509,female,group C,bachelor's degree,standard,none,86,92,87,88.33333333333333,High
510,male,group D,some college,standard,none,76,71,73,73.33333333333333,Medium
511,male,group A,some high school,standard,none,64,50,43,52.333333333333336,Low
512,male,group D,some high school,free/reduced,none,62,49,52,54.333333333333336,Low
513,female,group B,some high school,standard,completed,54,61,62,59.0,Low
514,female,group B,master's degree,free/reduced,completed,77,97,94,89.33333333333333,High
515,female,group C,some high school,standard,completed,76,87,85,82.66666666666667,High
516,female,group D,some college,standard,none,74,89,84,82.33333333333333,High
517,female,group E,some college,standard,completed,66,74,73,71.0,Medium
518,female,group D,some high school,standard,completed,66,78,78,74.0,Medium
519,female,group B,high school,free/reduced,completed,67,78,79,74.66666666666667,Medium
520,male,group D,some college,standard,none,71,49,52,57.333333333333336,Low
521,female,group C,associate's degree,standard,none,91,86,84,87.0,High
522,male,group D,bachelor's degree,standard,none,69,58,57,61.333333333333336,Medium
523,male,group C,master's degree,free/reduced,none,54,59,50,54.333333333333336,Low
524,male,group C,high school,standard,completed,53,52,49,51.333333333333336,Low
525,male,group E,some college,standard,none,68,60,59,62.333333333333336,Medium
526,male,group C,some high school,free/reduced,completed,56,61,60,59.0,Low
527,female,group C,high school,free/reduced,none,36,53,43,44.0,Low
528,female,group D,bachelor's degree,free/reduced,none,29,41,47,39.0,Low
529,female,group C,associate's degree,standard,none,62,74,70,68.66666666666667,Medium
530,female,group C,associate's degree,standard,completed,68,67,73,69.33333333333333,Medium
531,female,group C,some high school,standard,none,47,54,53,51.333333333333336,Low
532,male,group E,associate's degree,standard,completed,62,61,58,60.333333333333336,Medium
533,female,group E,associate's degree,standard,completed,79,88,94,87.0,High
534,male,group B,high school,standard,completed,73,69,68,70.0,Medium
535,female,group C,bachelor's degree,free/reduced,completed,66,83,83,77.33333333333333,Medium
536,male,group C,associate's degree,standard,completed,51,60,58,56.333333333333336,Low
537,female,group D,high school,standard,none,51,66,62,59.666666666666664,Low
538,male,group E,bachelor's degree,standard,completed,85,66,71,74.0,Medium
539,male,group A,associate's degree,standard,completed,97,92,86,91.66666666666667,High
540,male,group C,high school,standard,completed,75,69,68,70.66666666666667,Medium
541,male,group D,associate's degree,free/reduced,completed,79,82,80,80.33333333333333,High
542,female,group C,associate's degree,standard,none,81,77,79,79.0,Medium
543,female,group D,associate's degree,standard,none,82,95,89,88.66666666666667,High
544,female,group D,master's degree,standard,none,64,63,66,64.33333333333333,Medium
545,male,group E,some high school,free/reduced,completed,78,83,80,80.33333333333333,High
546,female,group A,some high school,standard,completed,92,100,97,96.33333333333333,High
547,male,group C,high school,standard,completed,72,67,64,67.66666666666667,Medium
548,female,group C,high school,free/reduced,none,62,67,64,64.33333333333333,Medium
549,male,group C,master's degree,standard,none,79,72,69,73.33333333333333,Medium
550,male,group C,some high school,free/reduced,none,79,76,65,73.33333333333333,Medium
551,male,group B,bachelor's degree,free/reduced,completed,87,90,88,88.33333333333333,High
552,female,group B,associate's degree,standard,none,40,48,50,46.0,Low
553,male,group D,some college,free/reduced,none,77,62,64,67.66666666666667,Medium
554,male,group E,associate's degree,standard,none,53,45,40,46.0,Low
555,female,group C,some college,free/reduced,none,32,39,33,34.666666666666664,Low
556,female,group C,associate's degree,standard,completed,55,72,79,68.66666666666667,Medium
557,male,group C,master's degree,free/reduced,none,61,67,66,64.66666666666667,Medium
558,female,group B,associate's degree,free/reduced,none,53,70,70,64.33333333333333,Medium
559,male,group D,some high school,standard,none,73,66,62,67.0,Medium
560,female,group D,some college,standard,completed,74,75,79,76.0,Medium
561,female,group C,some college,standard,none,63,74,74,70.33333333333333,Medium
562,male,group C,bachelor's degree,standard,completed,96,90,92,92.66666666666667,High
563,female,group D,some college,free/reduced,completed,63,80,80,74.33333333333333,Medium
564,male,group B,bachelor's degree,free/reduced,none,48,51,46,48.333333333333336,Low
565,male,group B,associate's degree,standard,none,48,43,45,45.333333333333336,Low
566,female,group E,bachelor's degree,free/reduced,completed,92,100,100,97.33333333333333,High
567,female,group D,master's degree,free/reduced,completed,61,71,78,70.0,Medium
568,male,group B,high school,free/reduced,none,63,48,47,52.666666666666664,Low
569,male,group D,bachelor's degree,free/reduced,none,68,68,67,67.66666666666667,Medium
570,male,group B,some college,standard,completed,71,75,70,72.0,Medium
571,male,group A,bachelor's degree,standard,none,91,96,92,93.0,High
572,female,group C,some college,standard,none,53,62,56,57.0,Low
573,female,group C,high school,free/reduced,completed,50,66,64,60.0,Medium
574,female,group E,high school,standard,none,74,81,71,75.33333333333333,Medium
575,male,group A,associate's degree,free/reduced,completed,40,55,53,49.333333333333336,Low
576,male,group A,some college,standard,completed,61,51,52,54.666666666666664,Low
577,female,group B,high school,standard,none,81,91,89,87.0,High
578,female,group B,some college,free/reduced,completed,48,56,58,54.0,Low
579,female,group D,master's degree,standard,none,53,61,68,60.666666666666664,Medium
580,female,group D,some high school,standard,none,81,97,96,91.33333333333333,High
581,female,group E,some high school,standard,none,77,79,80,78.66666666666667,Medium
582,female,group D,bachelor's degree,free/reduced,none,63,73,78,71.33333333333333,Medium
583,female,group D,associate's degree,standard,completed,73,75,80,76.0,Medium
584,female,group D,some college,standard,none,69,77,77,74.33333333333333,Medium
585,female,group C,associate's degree,standard,none,65,76,76,72.33333333333333,Medium
586,female,group A,high school,standard,none,55,73,73,67.0,Medium
587,female,group C,bachelor's degree,free/reduced,none,44,63,62,56.333333333333336,Low
588,female,group C,some college,standard,none,54,64,65,61.0,Medium
589,female,group A,some high school,standard,none,48,66,65,59.666666666666664,Low
590,male,group C,some college,free/reduced,none,58,57,54,56.333333333333336,Low
591,male,group A,some high school,standard,none,71,62,50,61.0,Medium
592,male,group E,bachelor's degree,standard,none,68,68,64,66.66666666666667,Medium
593,female,group E,high school,standard,none,74,76,73,74.33333333333333,Medium
594,female,group C,bachelor's degree,standard,completed,92,100,99,97.0,High
595,female,group C,bachelor's degree,standard,completed,56,79,72,69.0,Medium
596,male,group B,high school,free/reduced,none,30,24,15,23.0,Low
597,male,group A,some high school,standard,none,53,54,48,51.666666666666664,Low
598,female,group D,high school,standard,none,69,77,73,73.0,Medium
599,female,group D,some high school,standard,none,65,82,81,76.0,Medium
600,female,group D,master's degree,standard,none,54,60,63,59.0,Low
601,female,group C,high school,standard,none,29,29,30,29.333333333333332,Low
602,female,group E,some college,standard,none,76,78,80,78.0,Medium
603,male,group D,high school,free/reduced,none,60,57,51,56.0,Low
604,male,group D,master's degree,free/reduced,completed,84,89,90,87.66666666666667,High
605,male,group C,some high school,standard,none,75,72,62,69.66666666666667,Medium
606,female,group C,associate's degree,standard,none,85,84,82,83.66666666666667,High
607,female,group C,master's degree,free/reduced,none,40,58,54,50.666666666666664,Low
608,female,group E,some college,standard,none,61,64,62,62.333333333333336,Medium
609,female,group B,associate's degree,standard,none,58,63,65,62.0,Medium
610,male,group D,some college,free/reduced,completed,69,60,63,64.0,Medium
611,female,group C,some college,standard,none,58,59,66,61.0,Medium
612,male,group C,bachelor's degree,standard,completed,94,90,91,91.66666666666667,High
613,female,group C,associate's degree,standard,none,65,77,74,72.0,Medium
614,female,group A,associate's degree,standard,none,82,93,93,89.33333333333333,High
615,female,group C,high school,standard,none,60,68,72,66.66666666666667,Medium
616,female,group E,bachelor's degree,standard,none,37,45,38,40.0,Low
617,male,group D,bachelor's degree,standard,none,88,78,83,83.0,High
618,male,group D,master's degree,standard,none,95,81,84,86.66666666666667,High
619,male,group C,associate's degree,free/reduced,completed,65,73,68,68.66666666666667,Medium
620,female,group C,high school,free/reduced,none,35,61,54,50.0,Low
621,male,group B,bachelor's degree,free/reduced,none,62,63,56,60.333333333333336,Medium
622,male,group C,high school,free/reduced,completed,58,51,52,53.666666666666664,Low
623,male,group A,some college,standard,completed,100,96,86,94.0,High
624,female,group E,bachelor's degree,free/reduced,none,61,58,62,60.333333333333336,Medium
625,male,group D,some college,standard,completed,100,97,99,98.66666666666667,High
626,male,group B,associate's degree,free/reduced,completed,69,70,63,67.33333333333333,Medium
627,male,group D,associate's degree,standard,none,61,48,46,51.666666666666664,Low
628,male,group D,some college,free/reduced,none,49,57,46,50.666666666666664,Low
629,female,group C,some high school,standard,completed,44,51,55,50.0,Low
630,male,group D,some college,standard,none,67,64,70,67.0,Medium
631,male,group B,high school,standard,none,79,60,65,68.0,Medium
632,female,group B,bachelor's degree,standard,completed,66,74,81,73.66666666666667,Medium
633,female,group C,high school,standard,none,75,88,85,82.66666666666667,High
634,male,group D,some high school,standard,none,84,84,80,82.66666666666667,High
635,male,group A,high school,standard,none,71,74,64,69.66666666666667,Medium
636,female,group B,high school,free/reduced,completed,67,80,81,76.0,Medium
637,female,group D,some high school,standard,completed,80,92,88,86.66666666666667,High
638,male,group E,some college,standard,none,86,76,74,78.66666666666667,Medium
639,female,group D,associate's degree,standard,none,76,74,73,74.33333333333333,Medium
640,male,group D,high school,standard,none,41,52,51,48.0,Low
641,female,group D,associate's degree,free/reduced,completed,74,88,90,84.0,High
642,female,group B,some high school,free/reduced,none,72,81,79,77.33333333333333,Medium
643,female,group E,high school,standard,completed,74,79,80,77.66666666666667,Medium
644,male,group B,high school,standard,none,70,65,60,65.0,Medium
645,female,group B,bachelor's degree,standard,completed,65,81,81,75.66666666666667,Medium
646,female,group D,associate's degree,standard,none,59,70,65,64.66666666666667,Medium
647,female,group E,high school,free/reduced,none,64,62,68,64.66666666666667,Medium
648,female,group B,high school,standard,none,50,53,55,52.666666666666664,Low
649,female,group D,some college,standard,completed,69,79,81,76.33333333333333,Medium
650,male,group C,some high school,free/reduced,completed,51,56,53,53.333333333333336,Low
651,female,group A,high school,standard,completed,68,80,76,74.66666666666667,Medium
652,female,group D,some college,standard,completed,85,86,98,89.66666666666667,High
653,female,group A,associate's degree,standard,completed,65,70,74,69.66666666666667,Medium
654,female,group B,some high school,standard,none,73,79,79,77.0,Medium
655,female,group B,some college,standard,none,62,67,67,65.33333333333333,Medium
656,male,group C,associate's degree,free/reduced,none,77,67,64,69.33333333333333,Medium
657,male,group D,some high school,standard,none,69,66,61,65.33333333333333,Medium
658,female,group D,associate's degree,free/reduced,none,43,60,58,53.666666666666664,Low
659,male,group D,associate's degree,standard,none,90,87,85,87.33333333333333,High
660,male,group C,some college,free/reduced,none,74,77,73,74.66666666666667,Medium
661,male,group C,some high school,standard,none,73,66,63,67.33333333333333,Medium
662,female,group D,some college,free/reduced,none,55,71,69,65.0,Medium
663,female,group C,high school,standard,none,65,69,67,67.0,Medium
664,male,group D,associate's degree,standard,none,80,63,63,68.66666666666667,Medium
665,female,group C,some high school,free/reduced,completed,50,60,60,56.666666666666664,Low
666,female,group C,some college,free/reduced,completed,63,73,71,69.0,Medium
667,female,group B,bachelor's degree,free/reduced,none,77,85,87,83.0,High
668,male,group C,some college,standard,none,73,74,61,69.33333333333333,Medium
669,male,group D,associate's degree,standard,completed,81,72,77,76.66666666666667,Medium
670,female,group C,high school,free/reduced,none,66,76,68,70.0,Medium
671,male,group D,associate's degree,free/reduced,none,52,57,50,53.0,Low
672,female,group C,some college,standard,none,69,78,76,74.33333333333333,Medium
673,female,group C,associate's degree,standard,completed,65,84,84,77.66666666666667,Medium
674,female,group D,high school,standard,completed,69,77,78,74.66666666666667,Medium
675,female,group B,some college,standard,completed,50,64,66,60.0,Medium
676,female,group E,some college,standard,completed,73,78,76,75.66666666666667,Medium
677,female,group C,some high school,standard,completed,70,82,76,76.0,Medium
678,male,group D,associate's degree,free/reduced,none,81,75,78,78.0,Medium
679,male,group D,some college,free/reduced,none,63,61,60,61.333333333333336,Medium
680,female,group D,high school,standard,none,67,72,74,71.0,Medium
681,male,group B,high school,standard,none,60,68,60,62.666666666666664,Medium
682,male,group B,high school,standard,none,62,55,54,57.0,Low
683,female,group C,some high school,free/reduced,completed,29,40,44,37.666666666666664,Low
684,male,group B,some college,standard,completed,62,66,68,65.33333333333333,Medium
685,female,group E,master's degree,standard,completed,94,99,100,97.66666666666667,High
686,male,group E,some college,standard,completed,85,75,68,76.0,Medium
687,male,group D,associate's degree,free/reduced,none,77,78,73,76.0,Medium
688,male,group A,high school,free/reduced,none,53,58,44,51.666666666666664,Low
689,male,group E,some college,free/reduced,none,93,90,83,88.66666666666667,High
690,female,group C,associate's degree,standard,none,49,53,53,51.666666666666664,Low
691,female,group E,associate's degree,free/reduced,none,73,76,78,75.66666666666667,Medium
692,female,group C,bachelor's degree,free/reduced,completed,66,74,81,73.66666666666667,Medium
693,female,group D,associate's degree,standard,none,77,77,73,75.66666666666667,Medium
694,female,group C,some high school,standard,none,49,63,56,56.0,Low
695,female,group D,some college,free/reduced,none,79,89,86,84.66666666666667,High
696,female,group C,associate's degree,standard,completed,75,82,90,82.33333333333333,High
697,female,group A,bachelor's degree,standard,none,59,72,70,67.0,Medium
698,female,group D,associate's degree,standard,completed,57,78,79,71.33333333333333,Medium
699,male,group C,high school,free/reduced,none,66,66,59,63.666666666666664,Medium
700,female,group E,bachelor's degree,standard,completed,79,81,82,80.66666666666667,High
701,female,group B,some high school,standard,none,57,67,72,65.33333333333333,Medium
702,male,group A,bachelor's degree,standard,completed,87,84,87,86.0,High
703,female,group D,some college,standard,none,63,64,67,64.66666666666667,Medium
704,female,group B,some high school,free/reduced,completed,59,63,64,62.0,Medium
705,male,group A,bachelor's degree,free/reduced,none,62,72,65,66.33333333333333,Medium
706,male,group D,high school,standard,none,46,34,36,38.666666666666664,Low
707,male,group C,some college,standard,none,66,59,52,59.0,Low
708,male,group D,high school,standard,none,89,87,79,85.0,High
709,female,group D,associate's degree,free/reduced,completed,42,61,58,53.666666666666664,Low
710,male,group C,some college,standard,completed,93,84,90,89.0,High
711,female,group E,some high school,standard,completed,80,85,85,83.33333333333333,High
712,female,group D,some college,standard,none,98,100,99,99.0,High
713,male,group D,master's degree,standard,none,81,81,84,82.0,High
714,female,group B,some high school,standard,completed,60,70,74,68.0,Medium
715,female,group B,associate's degree,free/reduced,completed,76,94,87,85.66666666666667,High
716,male,group C,associate's degree,standard,completed,73,78,72,74.33333333333333,Medium
717,female,group C,associate's degree,standard,completed,96,96,99,97.0,High
718,female,group C,high school,standard,none,76,76,74,75.33333333333333,Medium
719,male,group E,associate's degree,free/reduced,completed,91,73,80,81.33333333333333,High
720,female,group C,some college,free/reduced,none,62,72,70,68.0,Medium
721,male,group D,some high school,free/reduced,completed,55,59,59,57.666666666666664,Low
722,female,group B,some high school,free/reduced,completed,74,90,88,84.0,High
723,male,group C,high school,standard,none,50,48,42,46.666666666666664,Low
724,male,group B,some college,standard,none,47,43,41,43.666666666666664,Low
725,male,group E,some college,standard,completed,81,74,71,75.33333333333333,Medium
726,female,group E,associate's degree,standard,completed,65,75,77,72.33333333333333,Medium
727,male,group E,some high school,standard,completed,68,51,57,58.666666666666664,Low
728,female,group D,high school,free/reduced,none,73,92,84,83.0,High
729,male,group C,some college,standard,none,53,39,37,43.0,Low
730,female,group B,associate's degree,free/reduced,completed,68,77,80,75.0,Medium
731,male,group A,some high school,free/reduced,none,55,46,43,48.0,Low
732,female,group C,some college,standard,completed,87,89,94,90.0,High
733,male,group D,some high school,standard,none,55,47,44,48.666666666666664,Low
734,female,group E,some college,free/reduced,none,53,58,57,56.0,Low
735,male,group C,master's degree,standard,none,67,57,59,61.0,Medium
736,male,group C,associate's degree,standard,none,92,79,84,85.0,High
737,female,group B,some college,free/reduced,completed,53,66,73,64.0,Medium
738,male,group D,associate's degree,standard,none,81,71,73,75.0,Medium
739,male,group C,high school,free/reduced,none,61,60,55,58.666666666666664,Low
740,male,group D,bachelor's degree,standard,none,80,73,72,75.0,Medium
741,female,group A,associate's degree,free/reduced,none,37,57,56,50.0,Low
742,female,group C,high school,standard,none,81,84,82,82.33333333333333,High
743,female,group C,associate's degree,standard,completed,59,73,72,68.0,Medium
744,male,group B,some college,free/reduced,none,55,55,47,52.333333333333336,Low
745,male,group D,associate's degree,standard,none,72,79,74,75.0,Medium
746,male,group D,high school,standard,none,69,75,71,71.66666666666667,Medium
747,male,group C,some college,standard,none,69,64,68,67.0,Medium
748,female,group C,bachelor's degree,free/reduced,none,50,60,59,56.333333333333336,Low
749,male,group B,some college,standard,completed,87,84,86,85.66666666666667,High
750,male,group D,some high school,standard,completed,71,69,68,69.33333333333333,Medium
751,male,group E,some college,standard,none,68,72,65,68.33333333333333,Medium
752,male,group C,master's degree,free/reduced,completed,79,77,75,77.0,Medium
753,female,group C,some high school,standard,completed,77,90,85,84.0,High
754,male,group C,associate's degree,free/reduced,none,58,55,53,55.333333333333336,Low
755,female,group E,associate's degree,standard,none,84,95,92,90.33333333333333,High
756,male,group D,some college,standard,none,55,58,52,55.0,Low
757,male,group E,bachelor's degree,free/reduced,completed,70,68,72,70.0,Medium
758,female,group D,some college,free/reduced,completed,52,59,65,58.666666666666664,Low
759,male,group B,some college,standard,completed,69,77,77,74.33333333333333,Medium
760,female,group C,high school,free/reduced,none,53,72,64,63.0,Medium
761,female,group D,some high school,standard,none,48,58,54,53.333333333333336,Low
762,male,group D,some high school,standard,completed,78,81,86,81.66666666666667,High
763,female,group B,high school,standard,none,62,62,63,62.333333333333336,Medium
764,male,group D,some college,standard,none,60,63,59,60.666666666666664,Medium
765,female,group B,high school,standard,none,74,72,72,72.66666666666667,Medium
766,female,group C,high school,standard,completed,58,75,77,70.0,Medium
767,male,group B,high school,standard,completed,76,62,60,66.0,Medium
768,female,group D,some high school,standard,none,68,71,75,71.33333333333333,Medium
769,male,group A,some college,free/reduced,none,58,60,57,58.333333333333336,Low
770,male,group B,high school,standard,none,52,48,49,49.666666666666664,Low
771,male,group D,bachelor's degree,standard,none,75,73,74,74.0,Medium
772,female,group B,some high school,free/reduced,completed,52,67,72,63.666666666666664,Medium
773,female,group C,bachelor's degree,free/reduced,none,62,78,79,73.0,Medium
774,male,group B,some college,standard,none,66,65,60,63.666666666666664,Medium
775,female,group B,some high school,free/reduced,none,49,58,55,54.0,Low
776,female,group B,high school,standard,none,66,72,70,69.33333333333333,Medium
777,female,group C,some college,free/reduced,none,35,44,43,40.666666666666664,Low
778,female,group A,some college,standard,completed,72,79,82,77.66666666666667,Medium
779,male,group E,associate's degree,standard,completed,94,85,82,87.0,High
780,female,group D,associate's degree,free/reduced,none,46,56,57,53.0,Low
781,female,group B,master's degree,standard,none,77,90,84,83.66666666666667,High
782,female,group B,high school,free/reduced,completed,76,85,82,81.0,High
783,female,group C,associate's degree,standard,completed,52,59,62,57.666666666666664,Low
784,male,group C,bachelor's degree,standard,completed,91,81,79,83.66666666666667,High
785,female,group B,some high school,standard,completed,32,51,44,42.333333333333336,Low
786,female,group E,some high school,free/reduced,none,72,79,77,76.0,Medium
787,female,group B,some college,standard,none,19,38,32,29.666666666666668,Low
788,male,group C,associate's degree,free/reduced,none,68,65,61,64.66666666666667,Medium
789,female,group C,master's degree,free/reduced,none,52,65,61,59.333333333333336,Low
790,female,group B,high school,standard,none,48,62,60,56.666666666666664,Low
791,female,group D,some college,free/reduced,none,60,66,70,65.33333333333333,Medium
792,male,group D,high school,free/reduced,none,66,74,69,69.66666666666667,Medium
793,male,group E,some high school,standard,completed,89,84,77,83.33333333333333,High
794,female,group B,high school,standard,none,42,52,51,48.333333333333336,Low
795,female,group E,associate's degree,free/reduced,completed,57,68,73,66.0,Medium
796,male,group D,high school,standard,none,70,70,70,70.0,Medium
797,female,group E,associate's degree,free/reduced,none,70,84,81,78.33333333333333,Medium
798,male,group E,some college,standard,none,69,60,54,61.0,Medium
799,female,group C,associate's degree,standard,none,52,55,57,54.666666666666664,Low
800,male,group C,some high school,standard,completed,67,73,68,69.33333333333333,Medium
801,male,group C,some high school,standard,completed,76,80,73,76.33333333333333,Medium
802,female,group E,associate's degree,standard,none,87,94,95,92.0,High
803,female,group B,some college,standard,none,82,85,87,84.66666666666667,High
804,female,group C,some college,standard,none,73,76,78,75.66666666666667,Medium
805,male,group A,some college,free/reduced,none,75,81,74,76.66666666666667,Medium
806,female,group D,some college,free/reduced,none,64,74,75,71.0,Medium
807,female,group E,high school,free/reduced,none,41,45,40,42.0,Low
808,male,group C,high school,standard,none,90,75,69,78.0,Medium
809,male,group B,bachelor's degree,standard,none,59,54,51,54.666666666666664,Low
810,male,group A,some high school,standard,none,51,31,36,39.333333333333336,Low
811,male,group A,high school,free/reduced,none,45,47,49,47.0,Low
812,female,group C,master's degree,standard,completed,54,64,67,61.666666666666664,Medium
813,male,group E,some high school,standard,completed,87,84,76,82.33333333333333,High
814,female,group C,high school,standard,none,72,80,83,78.33333333333333,Medium
815,male,group B,some high school,standard,completed,94,86,87,89.0,High
816,female,group A,bachelor's degree,standard,none,45,59,64,56.0,Low
817,male,group D,bachelor's degree,free/reduced,completed,61,70,76,69.0,Medium
818,female,group B,high school,free/reduced,none,60,72,68,66.66666666666667,Medium
819,female,group C,some high school,standard,none,77,91,88,85.33333333333333,High
820,female,group A,some high school,standard,completed,85,90,92,89.0,High
821,female,group D,bachelor's degree,free/reduced,none,78,90,93,87.0,High
822,male,group E,some college,free/reduced,completed,49,52,51,50.666666666666664,Low
823,female,group B,high school,free/reduced,none,71,87,82,80.0,High
824,female,group C,some high school,free/reduced,none,48,58,52,52.666666666666664,Low
825,male,group C,high school,standard,none,62,67,58,62.333333333333336,Medium
826,female,group C,associate's degree,free/reduced,completed,56,68,70,64.66666666666667,Medium
827,female,group C,some high school,standard,none,65,69,76,70.0,Medium
828,female,group D,some high school,free/reduced,completed,69,86,81,78.66666666666667,Medium
829,male,group B,some high school,standard,none,68,54,53,58.333333333333336,Low
830,female,group A,some college,free/reduced,none,61,60,57,59.333333333333336,Low
831,female,group C,bachelor's degree,free/reduced,completed,74,86,89,83.0,High
832,male,group A,bachelor's degree,standard,none,64,60,58,60.666666666666664,Medium
833,female,group B,high school,standard,completed,77,82,89,82.66666666666667,High
834,male,group B,some college,standard,none,58,50,45,51.0,Low
835,female,group C,high school,standard,completed,60,64,74,66.0,Medium
836,male,group E,high school,standard,none,73,64,57,64.66666666666667,Medium
837,female,group A,high school,standard,completed,75,82,79,78.66666666666667,Medium
838,male,group B,associate's degree,free/reduced,completed,58,57,53,56.0,Low
839,female,group C,associate's degree,standard,none,66,77,73,72.0,Medium
840,female,group D,high school,free/reduced,none,39,52,46,45.666666666666664,Low
841,male,group C,some high school,standard,none,64,58,51,57.666666666666664,Low
842,female,group B,high school,free/reduced,completed,23,44,36,34.333333333333336,Low
843,male,group B,some college,free/reduced,completed,74,77,76,75.66666666666667,Medium
844,female,group D,some high school,free/reduced,completed,40,65,64,56.333333333333336,Low
845,male,group E,master's degree,standard,none,90,85,84,86.33333333333333,High
846,male,group C,master's degree,standard,completed,91,85,85,87.0,High
847,male,group D,high school,standard,none,64,54,50,56.0,Low
848,female,group C,high school,standard,none,59,72,68,66.33333333333333,Medium
849,male,group D,associate's degree,standard,none,80,75,69,74.66666666666667,Medium
850,male,group C,master's degree,standard,none,71,67,67,68.33333333333333,Medium
851,female,group A,high school,standard,none,61,68,63,64.0,Medium
852,female,group E,some college,standard,none,87,85,93,88.33333333333333,High
853,male,group E,some high school,standard,none,82,67,61,70.0,Medium
854,male,group C,some high school,standard,none,62,64,55,60.333333333333336,Medium
855,female,group B,bachelor's degree,standard,none,97,97,96,96.66666666666667,High
856,male,group B,some college,free/reduced,none,75,68,65,69.33333333333333,Medium
857,female,group C,bachelor's degree,standard,none,65,79,81,75.0,Medium
858,male,group B,high school,standard,completed,52,49,46,49.0,Low
859,male,group C,associate's degree,free/reduced,none,87,73,72,77.33333333333333,Medium
860,female,group C,associate's degree,standard,none,53,62,53,56.0,Low
861,female,group E,master's degree,free/reduced,none,81,86,87,84.66666666666667,High
862,male,group D,bachelor's degree,free/reduced,completed,39,42,38,39.666666666666664,Low
863,female,group C,some college,standard,completed,71,71,80,74.0,Medium
864,male,group C,associate's degree,standard,none,97,93,91,93.66666666666667,High
865,male,group D,some college,standard,completed,82,82,88,84.0,High
866,male,group C,high school,free/reduced,none,59,53,52,54.666666666666664,Low
867,male,group B,associate's degree,standard,none,61,42,41,48.0,Low
868,male,group E,associate's degree,free/reduced,completed,78,74,72,74.66666666666667,Medium
869,male,group C,associate's degree,free/reduced,none,49,51,51,50.333333333333336,Low
870,male,group B,high school,standard,none,59,58,47,54.666666666666664,Low
871,female,group C,some college,standard,completed,70,72,76,72.66666666666667,Medium
872,male,group B,associate's degree,standard,completed,82,84,78,81.33333333333333,High
873,male,group E,associate's degree,free/reduced,none,90,90,82,87.33333333333333,High
874,female,group C,bachelor's degree,free/reduced,none,43,62,61,55.333333333333336,Low
875,male,group C,some college,free/reduced,none,80,64,66,70.0,Medium
876,male,group D,some college,standard,none,81,82,84,82.33333333333333,High
877,male,group C,some high school,standard,none,57,61,54,57.333333333333336,Low
878,female,group D,some high school,standard,none,59,72,80,70.33333333333333,Medium
879,female,group D,associate's degree,standard,none,64,76,74,71.33333333333333,Medium
880,male,group C,bachelor's degree,standard,completed,63,64,66,64.33333333333333,Medium
881,female,group E,bachelor's degree,standard,completed,71,70,70,70.33333333333333,Medium
882,female,group B,high school,free/reduced,none,64,73,71,69.33333333333333,Medium
883,male,group D,bachelor's degree,free/reduced,none,55,46,44,48.333333333333336,Low
884,female,group E,associate's degree,standard,none,51,51,54,52.0,Low
885,female,group C,associate's degree,standard,completed,62,76,80,72.66666666666667,Medium
886,female,group E,associate's degree,standard,completed,93,100,95,96.0,High
887,male,group C,high school,free/reduced,none,54,72,59,61.666666666666664,Medium
888,female,group D,some college,free/reduced,none,69,65,74,69.33333333333333,Medium
889,male,group D,high school,free/reduced,none,44,51,48,47.666666666666664,Low
890,female,group E,some college,standard,completed,86,85,91,87.33333333333333,High
891,female,group E,associate's degree,standard,none,85,92,85,87.33333333333333,High
892,female,group A,master's degree,free/reduced,none,50,67,73,63.333333333333336,Medium
893,male,group D,some high school,standard,completed,88,74,75,79.0,Medium
894,female,group E,associate's degree,standard,none,59,62,69,63.333333333333336,Medium
895,female,group E,some high school,free/reduced,none,32,34,38,34.666666666666664,Low
896,male,group B,high school,free/reduced,none,36,29,27,30.666666666666668,Low
897,female,group B,some high school,free/reduced,completed,63,78,79,73.33333333333333,Medium
898,male,group D,associate's degree,standard,completed,67,54,63,61.333333333333336,Medium
899,female,group D,some high school,standard,completed,65,78,82,75.0,Medium
900,male,group D,master's degree,standard,none,85,84,89,86.0,High
901,female,group C,master's degree,standard,none,73,78,74,75.0,Medium
902,female,group A,high school,free/reduced,completed,34,48,41,41.0,Low
903,female,group D,bachelor's degree,free/reduced,completed,93,100,100,97.66666666666667,High
904,female,group D,some high school,free/reduced,none,67,84,84,78.33333333333333,Medium
905,male,group D,some college,standard,none,88,77,77,80.66666666666667,High
906,male,group B,high school,standard,none,57,48,51,52.0,Low
907,female,group D,some college,standard,completed,79,84,91,84.66666666666667,High
908,female,group C,bachelor's degree,free/reduced,none,67,75,72,71.33333333333333,Medium
909,male,group E,bachelor's degree,standard,completed,70,64,70,68.0,Medium
910,male,group D,bachelor's degree,free/reduced,none,50,42,48,46.666666666666664,Low
911,female,group A,some college,standard,none,69,84,82,78.33333333333333,Medium
912,female,group C,bachelor's degree,standard,completed,52,61,66,59.666666666666664,Low
913,female,group C,bachelor's degree,free/reduced,completed,47,62,66,58.333333333333336,Low
914,female,group B,associate's degree,free/reduced,none,46,61,55,54.0,Low
915,female,group E,some college,standard,none,68,70,66,68.0,Medium
916,male,group E,bachelor's degree,standard,completed,100,100,100,100.0,
917,female,group C,high school,standard,none,44,61,52,52.333333333333336,Low
918,female,group C,associate's degree,standard,completed,57,77,80,71.33333333333333,Medium
919,male,group B,some college,standard,completed,91,96,91,92.66666666666667,High
920,male,group D,high school,free/reduced,none,69,70,67,68.66666666666667,Medium
921,female,group C,high school,free/reduced,none,35,53,46,44.666666666666664,Low
922,male,group D,high school,standard,none,72,66,66,68.0,Medium
923,female,group B,associate's degree,free/reduced,none,54,65,65,61.333333333333336,Medium
924,male,group D,high school,free/reduced,none,74,70,69,71.0,Medium
925,male,group E,some high school,standard,completed,74,64,60,66.0,Medium
926,male,group E,associate's degree,free/reduced,none,64,56,52,57.333333333333336,Low
927,female,group D,high school,free/reduced,completed,65,61,71,65.66666666666667,Medium
928,male,group E,associate's degree,free/reduced,completed,46,43,44,44.333333333333336,Low
929,female,group C,some high school,free/reduced,none,48,56,51,51.666666666666664,Low
930,male,group C,some college,free/reduced,completed,67,74,70,70.33333333333333,Medium
931,male,group D,some college,free/reduced,none,62,57,62,60.333333333333336,Medium
932,male,group D,associate's degree,free/reduced,completed,61,71,73,68.33333333333333,Medium
933,male,group C,bachelor's degree,free/reduced,completed,70,75,74,73.0,Medium
934,male,group C,associate's degree,standard,completed,98,87,90,91.66666666666667,High
935,male,group D,some college,free/reduced,none,70,63,58,63.666666666666664,Medium
936,male,group A,associate's degree,standard,none,67,57,53,59.0,Low
937,female,group E,high school,free/reduced,none,57,58,57,57.333333333333336,Low
938,male,group D,some college,standard,completed,85,81,85,83.66666666666667,High
939,male,group D,some high school,standard,completed,77,68,69,71.33333333333333,Medium
940,male,group C,master's degree,free/reduced,completed,72,66,72,70.0,Medium
941,female,group D,master's degree,standard,none,78,91,96,88.33333333333333,High
942,male,group C,high school,standard,none,81,66,64,70.33333333333333,Medium
943,male,group A,some high school,free/reduced,completed,61,62,61,61.333333333333336,Medium
944,female,group B,high school,standard,none,58,68,61,62.333333333333336,Medium
945,female,group C,associate's degree,standard,none,54,61,58,57.666666666666664,Low
946,male,group B,high school,standard,none,82,82,80,81.33333333333333,High
947,female,group D,some college,free/reduced,none,49,58,60,55.666666666666664,Low
948,male,group B,some high school,free/reduced,completed,49,50,52,50.333333333333336,Low
949,female,group E,high school,free/reduced,completed,57,75,73,68.33333333333333,Medium
950,male,group E,high school,standard,none,94,73,71,79.33333333333333,Medium
951,female,group D,some college,standard,completed,75,77,83,78.33333333333333,Medium
952,female,group E,some high school,free/reduced,none,74,74,72,73.33333333333333,Medium
953,male,group C,high school,standard,completed,58,52,54,54.666666666666664,Low
954,female,group C,some college,standard,none,62,69,69,66.66666666666667,Medium
955,male,group E,associate's degree,standard,none,72,57,62,63.666666666666664,Medium
956,male,group C,some college,standard,none,84,87,81,84.0,High
957,female,group D,master's degree,standard,none,92,100,100,97.33333333333333,High
958,female,group D,high school,standard,none,45,63,59,55.666666666666664,Low
959,male,group C,high school,standard,none,75,81,71,75.66666666666667,Medium
960,female,group A,some college,standard,none,56,58,64,59.333333333333336,Low
961,female,group D,some high school,free/reduced,none,48,54,53,51.666666666666664,Low
962,female,group E,associate's degree,standard,none,100,100,100,100.0,
963,female,group C,some high school,free/reduced,completed,65,76,75,72.0,Medium
964,male,group D,some college,standard,none,72,57,58,62.333333333333336,Medium
965,female,group D,some college,standard,none,62,70,72,68.0,Medium
966,male,group A,some high school,standard,completed,66,68,64,66.0,Medium
967,male,group C,some college,standard,none,63,63,60,62.0,Medium
968,female,group E,associate's degree,standard,none,68,76,67,70.33333333333333,Medium
969,female,group B,bachelor's degree,standard,none,75,84,80,79.66666666666667,Medium
970,female,group D,bachelor's degree,standard,none,89,100,100,96.33333333333333,High
971,male,group C,some high school,standard,completed,78,72,69,73.0,Medium
972,female,group A,high school,free/reduced,completed,53,50,60,54.333333333333336,Low
973,female,group D,some college,free/reduced,none,49,65,61,58.333333333333336,Low
974,female,group A,some college,standard,none,54,63,67,61.333333333333336,Medium
975,female,group C,some college,standard,completed,64,82,77,74.33333333333333,Medium
976,male,group B,some college,free/reduced,completed,60,62,60,60.666666666666664,Medium
977,male,group C,associate's degree,standard,none,62,65,58,61.666666666666664,Medium
978,male,group D,high school,standard,completed,55,41,48,48.0,Low
979,female,group C,associate's degree,standard,none,91,95,94,93.33333333333333,High
980,female,group B,high school,free/reduced,none,8,24,23,18.333333333333332,Low
981,male,group D,some high school,standard,none,81,78,78,79.0,Medium
982,male,group B,some high school,standard,completed,79,85,86,83.33333333333333,High
983,female,group A,some college,standard,completed,78,87,91,85.33333333333333,High
984,female,group C,some high school,standard,none,74,75,82,77.0,Medium
985,male,group A,high school,standard,none,57,51,54,54.0,Low
986,female,group C,associate's degree,standard,none,40,59,51,50.0,Low
987,male,group E,some high school,standard,completed,81,75,76,77.33333333333333,Medium
988,female,group A,some high school,free/reduced,none,44,45,45,44.666666666666664,Low
989,female,group D,some college,free/reduced,completed,67,86,83,78.66666666666667,Medium
990,male,group E,high school,free/reduced,completed,86,81,75,80.66666666666667,High
991,female,group B,some high school,standard,completed,65,82,78,75.0,Medium
992,female,group D,associate's degree,free/reduced,none,55,76,76,69.0,Medium
993,female,group D,bachelor's degree,free/reduced,none,62,72,74,69.33333333333333,Medium
994,male,group A,high school,standard,none,63,63,62,62.666666666666664,Medium
995,female,group E,master's degree,standard,completed,88,99,95,94.0,High
996,male,group C,high school,free/reduced,none,62,55,55,57.333333333333336,Low
997,female,group C,high school,free/reduced,completed,59,71,65,65.0,Medium
998,female,group D,some college,standard,completed,68,78,77,74.33333333333333,Medium
999,female,group D,some college,free/reduced,none,77,86,86,83.0,High
